{
  "camera_corners": [[34, 84], [1229, 85], [1230, 670], [50, 670]],
  "camera_center": [638, 379],
  "camera_center_relative": [0.5014491081237793, 0.5001675486564636]
}
