{
  "camera_corners": [[50, 50], [1230, 50], [1270, 663], [57, 650]],
  "camera_center": [658, 348],
  "camera_center_relative": [0.5106812715530396, 0.5019198656082153]
}
